Clim,Oxtarby,Business Development
Kalil,Guthrie,Product Management
Tate,Walthew,Product Management
Frederick,O'Looney,Services
Sterling,Petigrew,Legal
Ewan,Leavesley,Research and Development
Nertie,Sharpus,Human Resources
Almire,Fidilis,Training
Sascha,Fihelly,Training
Adel,Ebbs,Research and Development
Port,Quesne,Human Resources
Etta,Hoodless,Training
Chrissie,Whettleton,Support
Bernardina,Lodin,Engineering
Sybilla,Melbert,Product Management
Korney,Brumen,Product Management
Kathye,Crossgrove,Human Resources
Gav,Critchard,Engineering
Cathleen,Ceaser,Support
Catrina,Colafate,Product Management
Annelise,Jurgensen,Business Development
Lacie,Deekes,Training
Hadley,Winchurch,Product Management
Gradeigh,Maundrell,Services
Massimiliano,Baines,Sales
Darda,MacDonagh,Accounting
Annalise,Antham,Accounting
Bevon,Hargey,Sales
Oona,Blondell,Training
Kristine,Bragginton,Research and Development
Evey,Punch,Accounting
Bernardine,Jorge,Research and Development
Skylar,Getcliff,Legal
Catha,Netherwood,Sales
Marlene,Kulver,Marketing
Demetris,Aymer,Engineering
Cornelle,Isted,Accounting
Birdie,Lill,Engineering
Sherry,Foster-Smith,Product Management
Zilvia,Callaway,Product Management
Gilly,Greenrde,Accounting
Lesli,Fylan,Business Development
Kimberley,Baudesson,Human Resources
Jens,Cleave,Marketing
Aaron,Labbey,Research and Development
Coral,Rubberts,Support
Rafaela,Patkin,Accounting
Golda,Gusney,Training
Emelen,McCathie,Marketing
Electra,Prosch,Engineering
Marcellina,Ovell,Business Development
Arlyn,Ladloe,Product Management
Svend,Crankhorn,Marketing
Mercie,Anthoin,Legal
Brandi,Favela,Sales
Angelita,Baise,Research and Development
Teddi,Loosemore,Product Management
Rosabella,Olle,Accounting
Carly,Paulich,Human Resources
Kaiser,O'Brogan,Human Resources
Marie-jeanne,Duffell,Legal
Othello,Dubock,Business Development
Kirsten,Causier,Training
Nathan,Mc Ilory,Support
Desiri,Oldman,Services
Birgitta,Archbold,Engineering
Adan,McCaughran,Training
Davon,Fretter,Accounting
Shermie,Morehall,Engineering
Selie,Yardy,Engineering
Martainn,Sands,Accounting
Phillida,Rablin,Human Resources
Piotr,Darte,Support
Hadleigh,Gammack,Research and Development
Ted,Harrington,Support
Aurore,Bruno,Business Development
Sabina,Llorente,Support
Pacorro,Scruton,Human Resources
Constantino,Fidilis,Sales
Clarita,Lintall,Legal
Terra,Astley,Support
Killian,Livsey,Accounting
Elmore,Urien,Support
Iorgos,Mandrier,Support
Cello,Beranek,Accounting
Bernie,Bodesson,Support
Benoit,Anthiftle,Support
Cristina,Warlow,Legal
Valerye,Flacknoe,Product Management
Shaylyn,Storie,Marketing
Buckie,Karlowicz,Product Management
Fallon,Symson,Support
Tildie,Hillborne,Research and Development
Desiree,Magnus,Business Development
Caterina,Undrill,Sales
Ciel,Hellin,Sales
Teodorico,Raubheim,Services
Elaina,I'anson,Product Management
Minnie,Tregensoe,Human Resources
Janet,Kennett,Engineering
Griffith,Hellings,Accounting
Mallissa,Luxon,Training
Kathrine,Rounsivall,Services
Jamal,Greydon,Sales
Arlena,Duprey,Product Management
Delores,Boagey,Training
Venita,Reams,Marketing
Tomas,Asty,Legal
Erin,Aslum,Business Development
Waring,Lecky,Research and Development
Marcela,Didball,Support
Adam,Rump,Training
Merola,Brideau,Support
Humberto,Shiell,Support
Colly,MacKeig,Human Resources
Patrizio,Blest,Legal
Moss,Offner,Engineering
Birdie,Newlands,Engineering
Lucia,Philippart,Sales
Herbie,Trebbett,Product Management
Fairlie,Strain,Human Resources
Myrtle,Euplate,Services
Yves,Werrett,Legal
Zacherie,Seeger,Engineering
Marie-jeanne,Speers,Research and Development
Caprice,Babidge,Engineering
Amil,Rickasse,Marketing
Errol,Gamble,Training
Guy,Goch,Product Management
Gerald,Beardsell,Support
Lissie,Coneau,Business Development
Lind,Phinn,Legal
Andres,Pickrell,Marketing
Cherye,Culter,Human Resources
Jobey,Trazzi,Marketing
Gardiner,Havick,Accounting
Brianne,Americi,Accounting
Bronson,Fackrell,Engineering
Chandra,Threadgould,Accounting
Nonie,Rablen,Human Resources
Kelila,Venes,Human Resources
Corey,Boch,Human Resources
Trace,Woolam,Training
Ibby,Newson,Human Resources
Ilario,Percival,Product Management
Francyne,Glazier,Marketing
Flori,Cutress,Accounting
George,Crowcroft,Product Management
Shawn,Yeeles,Business Development
Dari,Cyson,Support
Dorotea,Digle,Engineering
Karena,Cowderay,Accounting
Lacy,McLukie,Business Development
Ema,Atcock,Training
Tadd,Borless,Research and Development
Eamon,Mealand,Accounting
Wren,Papa,Services
Anatollo,Bonwick,Human Resources
Alexio,Mustoo,Product Management
Alon,Coolbear,Sales
Major,Axelbee,Business Development
Amalea,McMickan,Support
Fred,Younglove,Services
Jobye,Stocker,Human Resources
Lorne,Feldhammer,Product Management
Filippa,Hendrickx,Marketing
Elysha,Bote,Accounting
Warren,Garvey,Legal
Dar,Trueman,Sales
Alanah,Mallam,Business Development
Torrance,Duhig,Sales
Hyacinth,Swalwel,Legal
Kimmi,Pimerick,Marketing
Mair,Littleton,Sales
Flss,Vandenhoff,Research and Development
Birdie,Hollidge,Human Resources
Arabelle,Creeber,Accounting
Arvie,Tabb,Sales
Lockwood,Tremoille,Accounting
Adriaens,Oglethorpe,Research and Development
Pincus,Barrick,Business Development
Shermy,McCormick,Legal
Jason,Disbrey,Business Development
Chickie,Chatburn,Training
Cart,Ashurst,Support
Tallou,Deekes,Support
Hanni,Craze,Accounting
Terrie,Dubock,Legal
Keith,Hatwell,Accounting
Stacee,Josiah,Sales
Von,Rubinovitch,Product Management
Mildrid,Evequot,Human Resources
Bethina,Grigoli,Research and Development
Mercy,Gillease,Support
Sybila,Harbard,Business Development
Charissa,Malmar,Services
Eugenius,Santori,Training
Marylinda,Gruszka,Human Resources
Meryl,Servante,Human Resources
Clayborne,Shreeve,Engineering
Michelle,Rings,Marketing
Shelbi,Alp,Sales
Kellsie,Cluer,Engineering
Jeanie,Losebie,Training
Merrily,Riggulsford,Business Development
Benson,Messum,Product Management
Reeva,Keddey,Business Development
Huey,Minton,Sales
Farrel,Casella,Accounting
Bianka,Solon,Support
Lavinia,Gorse,Marketing
Carney,Muggeridge,Sales
Kandy,De Laspee,Business Development
Onfre,Westrip,Support
Gillie,Dykes,Training
Mychal,Huggens,Product Management
Arty,Blackshaw,Support
Deonne,Macbane,Accounting
Scarface,Kop,Product Management
Colas,Georgievski,Training
Kaine,Rainger,Engineering
Vin,Scotchmoor,Accounting
Guthrie,Grafton-Herbert,Accounting
Benjamen,Rundall,Legal
Noak,Smallsman,Human Resources
Regan,Umfrey,Accounting
Lissa,Elgie,Accounting
Andra,Beuscher,Services
Amye,Bolingbroke,Engineering
Hilary,Bazek,Business Development
Gar,Colleton,Support
Hendrick,Canedo,Accounting
Colene,Hendin,Accounting
Coleen,Andree,Product Management
Cornela,Pelz,Services
Niven,Baudrey,Training
Bob,Agron,Business Development
Goldie,Crummie,Business Development
Jorrie,Tatham,Business Development
Ardis,Forrestall,Research and Development
Tisha,Paskerful,Legal
Fraze,Willeson,Support
Ariella,Corro,Sales
Fidela,McGlone,Services
Rafferty,Ewbanks,Research and Development
Sidonnie,Largen,Training
Cesar,Rooney,Human Resources
Loutitia,Tennock,Support
Isa,Sill,Training
Krystal,Brigham,Services
Opalina,Dudek,Training
Darbee,O'Dogherty,Research and Development
Chlo,Couchman,Accounting
Noach,Semper,Research and Development
Nell,Harvard,Marketing
Ileane,McGrane,Sales
Glenine,Norvill,Sales
Morty,Torvey,Research and Development
Ermentrude,Lansdowne,Marketing
Ealasaid,McKibbin,Services
Bruis,Toulch,Marketing
Egan,Scrimshaw,Support
Alasteir,Cortez,Human Resources
Gaylord,Meneer,Legal
Florida,Northidge,Human Resources
Waylon,Kingsford,Sales
Malia,Ward,Training
Hilde,Blumson,Services
Birk,Endacott,Accounting
Ruthy,Oak,Product Management
Florance,Copyn,Human Resources
Dottie,McCreedy,Training
Dwain,Margarson,Engineering
Tobias,Sharpless,Marketing
Andonis,Eady,Training
Ingamar,Treuge,Accounting
Krissy,Sustin,Training
Bartholomeo,Olver,Legal
Patricio,Rollings,Engineering
Tiffy,Louys,Training
Toma,Kreber,Business Development
Brandais,Gallaway,Legal
Maurine,Beeby,Product Management
Teddie,Farnin,Engineering
Gloriana,de Villier,Engineering
Sharline,Caldero,Legal
Mathilda,Cescon,Engineering
Shelley,Boyde,Accounting
Joshua,Michael,Sales
Ruddie,Barrass,Product Management
Austin,Casado,Product Management
Dorian,Fasset,Sales
Flossi,Twydell,Accounting
Susette,Castello,Product Management
Abbe,Tipper,Research and Development
Charita,MacTimpany,Product Management
Agathe,Joret,Engineering
Ham,Arnholtz,Legal
Alla,Zanioletti,Research and Development
Suzy,Shilling,Training
Dukey,Pendrick,Research and Development
Caren,Kasbye,Product Management
Morse,MacAree,Sales
Flori,Neilan,Training
Misti,Splevin,Support
Randolf,Pryde,Business Development
Devland,Callender,Human Resources
Denna,Ibell,Training
Rochette,Randalston,Product Management
Blair,McGettrick,Human Resources
Pembroke,Stickland,Marketing
Nolly,Hullett,Support
Samuele,Cawker,Sales
Giuseppe,Marthen,Human Resources
Reinald,Cowsby,Support
Haskell,Imlin,Legal
Henriette,McTrustrie,Business Development
Cord,Liddicoat,Human Resources
Sibel,Eaden,Engineering
Francklyn,Turner,Training
Kacey,Masterson,Marketing
Shela,Scoyles,Research and Development
Nadine,Jedrysik,Research and Development
Abbott,Tarren,Support
Lawry,Bonaire,Training
Brietta,Benedite,Sales
Dorothy,Karoly,Sales
Skipp,Adolfson,Product Management
Nadiya,Muncer,Business Development
Curtis,Prator,Sales
Margi,Fallanche,Engineering
Theodor,Sandaver,Services
Kincaid,Noades,Support
Tilly,Billes,Sales
Tamarra,Becraft,Engineering
Silvain,Redholes,Engineering
Nannette,Pattie,Business Development
Mignonne,Bendon,Services
Cary,Cammomile,Services
Rafaelita,Jakubovitch,Business Development
Birgit,Hansman,Human Resources
Bernice,Matisoff,Product Management
Chas,Mayberry,Legal
Nathan,Gatiss,Engineering
Aurie,Wragge,Services
Jed,Krystof,Accounting
Winfield,Motherwell,Marketing
Melitta,Tollady,Business Development
Aubrey,Ransom,Engineering
Sheppard,Camoletto,Product Management
Nikita,Kindall,Marketing
Giffer,Everex,Research and Development
Carrol,Rangell,Sales
Eldon,Moulster,Sales
Christean,Owens,Human Resources
Demetrius,McSporrin,Services
Georgie,Edwardes,Legal
Eveline,Udden,Research and Development
Faina,Crowch,Services
Kalie,Wardrope,Marketing
Meier,Waddy,Human Resources
Nicola,Manjot,Training
Clari,Cleverley,Marketing
Dieter,Habberjam,Training
Rhonda,Knivett,Support
Blinni,Hartfleet,Legal
Madelene,Bendley,Support
Ophelie,Marquese,Marketing
Madelle,Sketchley,Human Resources
Carmelita,Bisgrove,Support
Gabriella,Hexham,Research and Development
Aaren,Ruppele,Marketing
Kelcie,Rotham,Research and Development
Melloney,Magwood,Business Development
Georas,Jakoubec,Research and Development
Petrina,Mordey,Support
Urbano,Stinchcombe,Marketing
Celle,Milkeham,Human Resources
Sharyl,Dullingham,Business Development
Celisse,Whye,Support
Caressa,Jeannet,Research and Development
Zebulen,Jentle,Support
Danella,Kingstne,Legal
Verge,Balaizot,Support
Joshia,D'Ugo,Research and Development
Franchot,Hoult,Training
Janna,Redpath,Accounting
Biddy,Dugald,Human Resources
Elizabet,Esche,Product Management
Gradey,Potkin,Legal
Garnet,Caren,Product Management
Kacie,Gowan,Engineering
Hewe,Novelli,Sales
Porty,Plett,Product Management
Avie,Minkin,Human Resources
Tawsha,Carnihan,Product Management
Kit,Fagge,Accounting
Bronnie,Flacknell,Sales
Kim,Torre,Engineering
Hieronymus,Frontczak,Sales
Klement,Ferrers,Legal
Jaquelyn,Habert,Support
Ellissa,MacNeillie,Engineering
Albertine,Acres,Marketing
Burch,Conquest,Engineering
Lonna,Fassmann,Services
Kelcy,Trattles,Product Management
Nicolle,Davidovics,Research and Development
Aldridge,Roebottom,Legal
Slade,Howley,Services
Renie,Jordan,Training
Leola,Acarson,Accounting
Lexy,Bawdon,Services
Baily,Hodjetts,Engineering
Vanya,Thirkettle,Training
Sonia,Caccavella,Sales
Hatti,Jillett,Accounting
Jakie,Blandamere,Training
Andromache,Buglar,Research and Development
Portie,Zanetello,Legal
Elladine,Pocklington,Legal
Tressa,Negri,Marketing
Dallas,Lavis,Marketing
Rae,Hearnaman,Research and Development
Iolanthe,Jirek,Training
Hermie,Whiteway,Training
Rolland,Tempest,Marketing
Berty,Wooler,Product Management
Hurley,Suarez,Business Development
Hewett,Palmar,Human Resources
Elva,Manneville,Training
Gerard,Kimbley,Product Management
Josie,Essam,Support
Dasha,Pioli,Services
Keefe,Hovington,Sales
Meir,Streader,Marketing
Bogart,Jiroudek,Training
Clair,Santostefano.,Research and Development
Milly,Cristofanini,Product Management
Letta,Titchmarsh,Engineering
Angelle,Cressor,Research and Development
Julita,Melato,Business Development
Concettina,Melody,Sales
Willabella,Albasini,Training
Odelia,McManus,Human Resources
Basile,Gillhespy,Services
Marcia,Bythell,Research and Development
Errol,Stoffers,Accounting
Hanson,Phythian,Business Development
Mordecai,Payfoot,Support
Verene,Laetham,Engineering
Elmira,Dooley,Legal
Simonne,Limbert,Human Resources
Israel,Andraud,Sales
Koo,Amdohr,Services
Josephine,Seabon,Product Management
Anderea,Dufton,Marketing
Ring,Fanthom,Marketing
Alissa,Ebbage,Human Resources
Valentijn,Humphrey,Training
Sioux,Goodee,Business Development
Tam,Southgate,Product Management
Rinaldo,Davidof,Accounting
Sidoney,Addis,Engineering
Marja,Tungay,Support
Jeramey,Pitone,Legal
Dalli,Causton,Training
Keir,Stollmeyer,Legal
Zia,Goldfinch,Legal
Ansley,Veschambre,Legal
Emelina,Stile,Sales
Ronnie,Tolland,Legal
Augustina,Pestell,Training
Amitie,Comini,Legal
Laureen,Pass,Marketing
Debee,Martynikhin,Research and Development
Clarissa,Cooke,Services
Libby,Pettiford,Accounting
Alexia,D'Alesco,Sales
Tally,Le Conte,Business Development
Ibrahim,Tarte,Research and Development
Babara,Coveney,Product Management
Pennie,Gittis,Product Management
Brendin,Tort,Legal
Jocelyn,Breacher,Services
Clea,LeEstut,Training
Matthus,Danielsen,Research and Development
Cristabel,Breslauer,Marketing
Bret,Armatidge,Product Management
Rasia,Coupe,Support
Yvon,Cisneros,Product Management
Langston,Vick,Support
Jada,Calf,Human Resources
Ivette,Yarnold,Product Management
Virgie,Bogeys,Services
Johanna,Chason,Business Development
Maren,Treen,Sales
Mylo,Huccaby,Accounting
Jerrold,Petegre,Accounting
Holt,Doale,Human Resources
Charity,Connelly,Training
Carmella,Juszczyk,Business Development
Gerrie,Grayling,Legal
Duke,Ranking,Engineering
Chickie,Stiegars,Product Management
Tanitansy,McCracken,Research and Development
Ravi,Budcock,Marketing
Lil,Tinghill,Marketing
Caty,Emblen,Services
Salmon,Gatteridge,Marketing
Miguel,Peile,Services
Rycca,Hatherall,Sales
Bertrando,Larkins,Business Development
Ashbey,Bletsor,Accounting
Griffie,Belham,Support
Mirilla,Syseland,Marketing
Yasmin,Oakenford,Engineering
Winifred,Waudby,Research and Development
Vin,Shenfisch,Human Resources
Emeline,Kunzelmann,Services
Ringo,Trevna,Sales
Esteban,Bulfoot,Business Development
Oliviero,Flavelle,Sales
Alejandra,Impey,Human Resources
Ira,Skipp,Services
Pace,Gallamore,Research and Development
Sylas,Bryer,Services
Nye,Corradetti,Marketing
Inesita,Milillo,Legal
Travus,MacSorley,Support
Roarke,Thebes,Training
Calhoun,Feedham,Marketing
Tricia,McGrouther,Research and Development
Demetre,Siccombe,Support
Jacquetta,Basford,Support
Leila,Milne,Training
Denny,Esland,Business Development
Ives,Frary,Human Resources
Jenilee,Washtell,Accounting
Hatty,Dymick,Sales
Dex,Bruckmann,Training
Clevey,Trenbay,Research and Development
Dene,Copo,Engineering
Renaud,Noice,Human Resources
Herve,Gornal,Training
Loreen,Bohman,Accounting
Honey,Canham,Business Development
Vallie,Taft,Accounting
Martica,Fidelus,Accounting
Gavan,Ovendale,Product Management
Trent,Chapple,Support
Ricki,Leyrroyd,Product Management
Dody,Vacher,Marketing
Vivyan,Bruggeman,Support
Sonny,Jandera,Human Resources
Jennee,Lewty,Engineering
Ingamar,Hamor,Support
Davon,Piatto,Training
Alasteir,Thorlby,Sales
Cathi,Eyrl,Marketing
Leoline,Alderwick,Support
Verla,Ettels,Business Development
Fielding,McNeish,Research and Development
Ricky,Klejna,Legal
Cazzie,Cracoe,Engineering
Isabelle,Newlin,Marketing
Joelle,Pollendine,Legal
Fleming,Bremond,Legal
Herby,Torrijos,Training
Lydia,Chaucer,Product Management
Byrle,Fuzzey,Marketing
Ailee,Mc Gaughey,Sales
Consuela,Sier,Legal
Loraine,Wotton,Services
Godfry,Francesconi,Marketing
Cornell,Thickins,Training
Antons,Fone,Marketing
Robbert,Willimont,Support
Jami,Roney,Accounting
Frankie,Skoate,Business Development
Michelle,Sands,Services
Britteny,Pepper,Support
Marissa,Scally,Legal
Wells,Cota,Marketing
Trixi,Rontsch,Training
Sheeree,Peyzer,Services
Giselle,Beszant,Product Management
Gannon,Packer,Marketing
Hubie,Pearton,Support
Cati,Velde,Marketing
Hakim,Smallacombe,Training
Barret,Dabbs,Engineering
Nathaniel,Normanvill,Product Management
Lyndsey,Cullivan,Accounting
Corinne,Mingo,Marketing
Renee,Antcliff,Human Resources
Bertha,Walewski,Research and Development
Alexandro,Gutowska,Engineering
Perry,Kivlin,Training
Erhard,Parvin,Legal
Dominic,Schaumaker,Human Resources
Briano,Dufton,Human Resources
Hyatt,Traves,Sales
Belva,Narup,Business Development
Jori,Kacheler,Sales
Isabelle,Renard,Product Management
Monique,Cockland,Business Development
Charles,Cruise,Product Management
Rooney,Popplewell,Services
Fletch,Antrag,Support
Piggy,Klagges,Research and Development
Donn,Rawdall,Product Management
Lurleen,Culp,Support
Vernice,Andreucci,Training
Fayina,Soane,Sales
Briana,Rudall,Human Resources
Sheri,Stelle,Legal
Calida,Able,Research and Development
Bernadene,Bools,Human Resources
Crista,Oulett,Support
Madeleine,Caddell,Sales
Linzy,Yaakov,Training
Kelsi,Guilayn,Support
Jerald,Kezor,Legal
Thebault,Cicculini,Product Management
Gale,Eadmead,Engineering
Sigismondo,Carlan,Research and Development
Berrie,Tunesi,Product Management
Karlie,Snailham,Support
Fania,Poel,Legal
Patience,Arrington,Training
Goober,Dimitriev,Sales
Dania,Musk,Engineering
Adrea,Boughtflower,Services
Carmella,Minithorpe,Marketing
Jaymie,Harrington,Accounting
Ellette,Waber,Product Management
Currey,Dyers,Services
Maxwell,Huitson,Accounting
Lucias,Makin,Accounting
Mufi,Newsome,Product Management
Wanda,Yesinov,Engineering
Sam,Whistance,Legal
Tiffie,Helian,Product Management
Gianna,Parsley,Sales
Mickie,Bickardike,Support
Jena,Ferrarotti,Engineering
Cordie,Dugall,Engineering
Rora,Bater,Training
Amandie,Ellit,Training
Fairfax,Van den Velden,Engineering
Petronille,McKiddin,Product Management
Hesther,Spendlove,Business Development
Lexine,Lademann,Engineering
Vickie,Ferrandez,Business Development
Natala,Corteney,Business Development
Moria,Head,Research and Development
Kasper,Delgardo,Business Development
Brewer,Brotherhead,Human Resources
Quintana,Kort,Human Resources
Opal,Spondley,Services
Sybila,Bulgen,Training
Reiko,Lamborne,Human Resources
Nanice,Player,Product Management
Halsey,Stanlick,Legal
Claudia,Amott,Business Development
Sisile,Clamp,Marketing
Allene,Lumsden,Research and Development
Rubetta,Reedshaw,Engineering
Marlowe,Vasilyev,Engineering
Farlie,Stormont,Research and Development
Del,Puve,Support
Ericha,McKane,Human Resources
Jonathon,Mattschas,Marketing
Alvera,Hamlen,Engineering
Grant,Letrange,Marketing
Mervin,Semor,Sales
Heath,Crowson,Sales
Nichols,Allston,Services
Flori,Jarred,Sales
Moises,Bedinn,Legal
Aldis,Wightman,Services
Jessalyn,Cecely,Marketing
Mitchel,Cunniff,Legal
Reese,Tackley,Support
Brent,MacIlwrick,Accounting
Raven,Petticrow,Services
Charlot,Antyshev,Legal
Leonidas,Brands,Engineering
Mohandis,Brookton,Business Development
Meredith,Apfler,Training
Elwood,Catterall,Sales
Lesli,Guilaem,Research and Development
Jeana,Tinmouth,Services
Henrik,Balassi,Services
Tallia,Busek,Human Resources
Lukas,Van den Hof,Business Development
Guinevere,Siggin,Legal
Kennith,Sawers,Sales
Vaclav,Beininck,Services
Herman,Rasper,Legal
Pearle,Newvill,Legal
Cyrille,Reville,Research and Development
Hetty,Polet,Legal
Sherilyn,Bugdale,Research and Development
Federica,Dreigher,Research and Development
Sibyl,Haggis,Engineering
Friederike,Wansbury,Research and Development
Eugenio,Heeley,Support
Davine,Andersen,Accounting
Ellene,La Croce,Research and Development
Milo,Creelman,Training
Dominic,Goodenough,Product Management
Pren,Matthiesen,Training
Bordie,Barkway,Support
Winnah,Kirsopp,Accounting
Brooke,Largan,Training
Lisetta,Ivanets,Engineering
Melvyn,Silman,Sales
Bonni,Whitmore,Support
Alexandr,Rylands,Training
Deck,Balden,Services
Corbett,Samudio,Accounting
Goran,Duxbarry,Human Resources
Cooper,Saltern,Business Development
Sandye,Kertess,Human Resources
Ellwood,Caton,Training
Benita,Huxtable,Marketing
Clementina,Broose,Legal
Brant,Hurtado,Engineering
Reginald,Keelinge,Marketing
Lester,Itzik,Engineering
Clemente,Carrington,Support
Marcellus,Seed,Business Development
Rahel,Glanz,Research and Development
Frannie,Husby,Sales
Stacia,Delany,Training
Babita,Allewell,Sales
Giovanna,Kollasch,Engineering
Dyna,Flips,Sales
Jaclin,Furlong,Accounting
Shel,Kinforth,Research and Development
Ralph,Laise,Business Development
Rosa,Gladwell,Research and Development
Davey,Randerson,Human Resources
Scott,Pincked,Engineering
Olag,Gallamore,Legal
Marthe,Davidescu,Research and Development
Allina,Heake,Research and Development
Rosana,Milthorpe,Engineering
Nata,Barnhill,Engineering
Maximilien,Lapham,Sales
Natty,Hassent,Engineering
Nichols,McGarvey,Business Development
Gottfried,Knappe,Accounting
Timothee,Petrollo,Legal
Jody,Bernardon,Human Resources
Annissa,Livick,Support
Nessie,McLarnon,Engineering
Wernher,Dadds,Business Development
Maurits,Mourant,Sales
Roland,Blazek,Human Resources
Harriot,Sharplin,Product Management
Georgeanne,Lyver,Product Management
Farly,Josling,Support
Marius,Kingescot,Human Resources
Rycca,Lejeune,Accounting
Nicolas,Linford,Marketing
Almeria,Wickliffe,Services
Arabela,Deane,Support
Zelma,Lawler,Legal
Roddie,Somers,Engineering
Benita,Endersby,Marketing
Clemence,Gebb,Legal
Alleyn,Jostan,Sales
Nevins,Dunstan,Legal
Alberto,Aimson,Product Management
Trish,Beal,Legal
Aluino,Ashe,Human Resources
Jsandye,Walklot,Business Development
Aidan,Eseler,Product Management
Franny,Hinzer,Engineering
Bertie,McCuthais,Engineering
Clayborn,Downing,Human Resources
Zaneta,Kibbel,Product Management
Bryna,Hurcombe,Research and Development
Heda,Ciotti,Product Management
Maiga,Shildrake,Human Resources
Wally,Manicom,Marketing
Heall,Pattenden,Business Development
Lucien,Boater,Human Resources
Daniela,Loblie,Legal
Sergio,Revel,Product Management
Dalila,Beausang,Legal
Waiter,Ivashchenko,Legal
Eula,Dumbreck,Human Resources
Valentina,Shevels,Product Management
Carmita,Eaden,Training
Devy,Branigan,Marketing
Kippie,Helis,Accounting
Esra,Neeves,Legal
Hieronymus,Penni,Marketing
Guillemette,Keling,Product Management
Errick,Fisbburne,Marketing
Theresita,Bustard,Accounting
Georgianne,Lowless,Services
Jodee,Game,Accounting
Anselm,Etherson,Legal
Janenna,Pearl,Business Development
Cathrine,Brett,Sales
Derby,Josephsen,Services
Marja,Alldred,Business Development
Fidela,Beverage,Marketing
Isac,Kleinlerer,Support
Hoebart,Maccaig,Accounting
Juana,Costley,Sales
Knox,Bassil,Training
Vevay,Trouncer,Support
Virge,Birkwood,Sales
Aubrey,Bremmell,Human Resources
Marquita,Dowding,Support
Marji,Pavlov,Sales
Kathlin,Van de Vlies,Training
Giulia,Gavan,Research and Development
Annabal,Torre,Engineering
Stephie,Skilling,Sales
Georgette,Barrett,Human Resources
Lind,Snelle,Product Management
Hort,Suarez,Engineering
Matthaeus,Feek,Sales
Tan,Coarser,Training
Lem,MacGillicuddy,Support
Lazarus,Witt,Legal
Pennie,MacCague,Human Resources
Benni,Ondrich,Business Development
Ford,Henzley,Support
Bondie,Steagall,Services
Gaultiero,Sadlier,Marketing
Jeramie,Meyrick,Product Management
Martie,Barniss,Support
Emilee,Faragan,Support
Corrianne,Knowlys,Marketing
Esteban,Bartels,Research and Development
Roxie,Oddey,Legal
Gerald,Kellett,Human Resources
Reggis,Krishtopaittis,Research and Development
Ailey,Kennally,Training
Felice,Hedge,Legal
Leesa,Leguey,Research and Development
Kim,Yanson,Research and Development
Edin,Lukas,Legal
Gideon,Taylerson,Legal
Chelsy,Rakes,Marketing
Bryce,Hughf,Sales
Jacquenetta,Dorking,Research and Development
Mathias,D'Alesio,Engineering
Jae,Buesnel,Services
Oneida,Ivashechkin,Product Management
Angelina,Quakley,Human Resources
Adi,Bowlas,Human Resources
Stacee,Shercliff,Research and Development
Kinnie,Waistall,Research and Development
Annecorinne,Lockley,Business Development
Sonnnie,Balfour,Accounting
Orazio,Lundbech,Sales
Christoforo,Shallcroff,Product Management
Timothea,Twinbourne,Business Development
Guendolen,Youdell,Support
Brion,Jakoubec,Training
Cirillo,Do,Support
Carmon,Klimkiewich,Marketing
Fidelia,Calway,Services
Ardenia,Wingatt,Sales
Ingaborg,Rayburn,Sales
Cornall,Bullon,Research and Development
Harrie,Szanto,Services
Florina,Baudic,Marketing
Em,Connors,Services
Martie,Sandall,Research and Development
Skelly,Craisford,Sales
Arnie,Jeffreys,Business Development
Sunny,Woollett,Marketing
Vallie,Manley,Business Development
Adele,Paunton,Human Resources
Barbe,Marriott,Accounting
Clim,Densell,Marketing
Cherilynn,Josse,Marketing
Heda,Hemeret,Research and Development
Meaghan,Blakey,Research and Development
Heidi,Portlock,Business Development
Jeffie,Wellesley,Marketing
Violetta,Baraclough,Services
Jilly,Chasle,Support
Martie,Ianinotti,Services
Broderic,Droghan,Research and Development
Valery,Bathersby,Business Development
Allen,Lafford,Training
Gale,De Rechter,Services
Dottie,Thow,Research and Development
Norrie,Grocutt,Accounting
Val,Watkiss,Engineering
Joyous,Kingman,Accounting
Ginger,Hollow,Services
Corabelle,Eubank,Services
Sella,Pearcey,Marketing
Haze,Cleaveland,Engineering
Evan,Bradie,Research and Development
Debor,Gallone,Legal
Forrest,Tackett,Research and Development
Paloma,Diben,Business Development
Hadlee,Palin,Product Management
Dieter,Nern,Services
Lemmie,Duesbury,Sales
Quintina,Lugton,Engineering
Jannel,Buchett,Training
Homer,Petschel,Product Management
Thomasine,Cable,Research and Development
Charla,Keaysell,Services
Oralle,Stronough,Human Resources
Winne,Cretney,Legal
Elianore,Mackerel,Product Management
Dody,Wandless,Services
Glyn,Caustic,Product Management
Anderson,Charter,Legal
Edmund,Alwell,Training
Oswald,Measen,Human Resources
Con,Easen,Human Resources
Clayson,Squeers,Accounting
Joy,Priestner,Marketing
Alfons,Jerrams,Services
Shana,Saltrese,Services
Wesley,Bettam,Sales
Noelyn,Odom,Training
Michele,Jorio,Support
Arne,Tuft,Human Resources
Lannie,Feander,Sales
Raina,Allsobrook,Product Management
Jody,Cosley,Legal
Calley,Vaan,Sales
Isobel,Meadowcroft,Research and Development
Nat,Collinette,Sales
Demetra,Hengoed,Engineering
Zelig,Cargo,Accounting
Clayton,Garken,Engineering
Batholomew,Lobley,Marketing
Benedick,Manilow,Sales
Gustie,Flowerdew,Sales
Johnath,Bahls,Product Management
Jeff,Dreelan,Legal
Clerc,Scholfield,Product Management
Harlan,Derycot,Legal
Sollie,McGinty,Accounting
Hartley,Trudgian,Services
Joya,Bunny,Engineering
Edy,O'Mullally,Training
Kirby,Milbourn,Business Development
Ronny,Denniston,Marketing
Bentley,Abbey,Sales
Vania,Vost,Legal
Angeline,Boness,Training
Othilie,Andren,Research and Development
Deeanne,Lightollers,Product Management
Franzen,Espadate,Training
Prent,Teesdale,Engineering
Ase,Yeskov,Business Development
Emlyn,Langstrath,Accounting
Svend,Foggo,Business Development
Hayyim,Duggan,Accounting
Lukas,Cressy,Product Management
Ursuline,Amiss,Services
Donal,Matveichev,Human Resources
Kermit,Howland,Accounting
Derrik,Kermannes,Business Development
Decca,Levay,Human Resources
Doti,Albertson,Human Resources
Timmie,Lilbourne,Research and Development
Levon,Perring,Sales
Keriann,Arnason,Services
Ronni,De Mitris,Accounting
Dacia,Lyvon,Services
Cindi,Sherme,Legal
Elise,Pochet,Accounting
Mortie,Damrell,Sales
Veronique,Russan,Research and Development
Sumner,Burrel,Accounting
Gloriane,Keepe,Accounting
Almeda,Deboick,Human Resources
Lauretta,Nockolds,Legal
Florie,Blackaller,Human Resources
Dyann,Creegan,Product Management
Heinrik,Dadswell,Accounting
Antonietta,Atte-Stone,Engineering
Lura,Thursfield,Services
Lethia,Gearing,Marketing
Brandi,Van Baaren,Engineering
Teena,Walder,Research and Development
Trixie,McGillivrie,Services
Giovanni,Marion,Accounting
Paco,Belleny,Marketing
Warden,Brazenor,Business Development
